{"cameraMode":{"drawMode":0,"name":"Shaded","section":"Shading Mode"},"sceneLighting":true,"audioPlay":false,"sceneViewState":{"m_AlwaysRefresh":false,"showFog":true,"showSkybox":true,"showFlares":true,"showImageEffects":true,"showParticleSystems":true,"showVisualEffectGraphs":true,"m_FxEnabled":true},"in2DMode":false,"pivot":{"x":30.915817260742189,"y":-0.23363500833511353,"z":-29.30069351196289},"rotation":{"x":-0.005747894290834665,"y":-0.9856595993041992,"z":0.0343242846429348,"w":-0.16503141820430757},"size":21.21320343017578,"orthographic":false}