{"cameraMode":{"drawMode":0,"name":"Shaded","section":"Shading Mode"},"sceneLighting":true,"audioPlay":false,"sceneViewState":{"m_AlwaysRefresh":false,"showFog":true,"showSkybox":true,"showFlares":true,"showImageEffects":true,"showParticleSystems":true,"showVisualEffectGraphs":true,"m_FxEnabled":true},"in2DMode":false,"pivot":{"x":19.536134719848634,"y":-32.58017349243164,"z":118.92495727539063},"rotation":{"x":0.11806539446115494,"y":0.10561653226613999,"z":-0.010196497663855553,"w":0.9869435429573059},"size":68.06549835205078,"orthographic":false}